{
  "val_loss": 0.025798276884554716,
  "val_dice": 0.6692509461921888
}